"1970","1980","1990","2000","2010"
"r.o.t.c","bankes","foreigner's","antigovernment","pakhtunkhwa"
"selective","venues","foreigners","macedonian","saladin"
"draft","sts","necklacing","argun","haram"
"perpetrators","vevuniya","shinto","lhokseumawe","donetsk"
"america","fundo","welcoming","monazite","isil"
"manhattan","dist","mabubas","gudermes","posited"
"vietnam","demolish","redding","auc","luhansk"
"sniper","swissair","commuters","accompanied","borno"
"bombed","settled","neck","groznyy","derna"
"firebombed","raid","rachelle","qassam","aqap"
"u.s","unks","paratroop","mosul","cracker"
"rico","lamp","arndale","granting","maiduguri"
"illinois","hwy","moslems","expedite","amanat"
"puerto","salvadoran","unti","tetovo","asimah"
"thrown","lamps","intermountain","kandahar","homs"
"series","mantaro","havana","diphenylamine","garo"
"trap","sais","asylum","chloroarsine","posits"
"angeles","lempa","sla","sentiment","online"
"explosive","caess","bring","bookies","prokofiev"
"firearm","review","workmen","yurt","morsi"
"bomb","paredes","shasta","hsbc","ips"
"united","spinks","salvi","describe","huthis"
"building","jucuapa","pucca","ouzou","posit"
"police","voz","pregnancy","interpret","drone"
"protest","usulutan","pie","sprawl","odisha"
